{
  "nodeLayouts": {
    "inputs": {
      "x": 0.2034709178003271,
      "y": -22.917618904664224,
      "index": -1
    },
    "outputs": {
      "x": 13.513280774202347,
      "y": 675.8405007039215,
      "index": -1
    },
    "chat": {
      "x": -59.49136828144953,
      "y": 501.56188300648324,
      "index": 2
    },
    "Summary": {
      "x": 108.50787447726212,
      "y": 85.21958584972725,
      "index": 0
    },
    "seach_from_ai_search": {
      "x": 100.609375,
      "y": 318.03125,
      "index": 1
    },
    "Embedding_inputs": {
      "x": 305.38140869140625,
      "y": 212.1796875,
      "index": 3
    }
  },
  "orientation": "Vertical"
}